{
  "conv2d": {
    "min": -4.047713756561279,
    "max": 1.6538119316101074,
    "mean": -0.26703167643229164,
    "Si": 0.5290050730559617,
    "zi": 0
  },
  "conv2d_1": {
    "min": -12.796784400939941,
    "max": 27.811174392700195,
    "mean": 2.932161790497449,
    "Si": 0.08038904244226008,
    "zi": 0
  },
  "conv2d_2": {
    "min": -106.89447784423828,
    "max": 39.05036163330078,
    "mean": -18.68158099112426,
    "Si": 0.022672421735908537,
    "zi": 0
  },
  "conv2d_3": {
    "min": -206.81858825683594,
    "max": 869.3570556640625,
    "mean": 170.22547743055554,
    "Si": 0.002860691838657027,
    "zi": 0
  },
  "conv2d_4": {
    "min": -5783.80908203125,
    "max": 2830.0791015625,
    "mean": -702.06668,
    "Si": 0.00039356579727468466,
    "zi": 0
  },
  "conv2d_5": {
    "min": -14582.8779296875,
    "max": 36759.1953125,
    "mean": 3458.924234375,
    "Si": 6.005957114606803e-05,
    "zi": 0
  },
  "dense": {
    "min": -443555.8125,
    "max": 244679.9375,
    "mean": -53869.32,
    "Si": 5.132330831302807e-06,
    "zi": 0
  },
  "dense_1": {
    "min": 27769.876953125,
    "max": 1707481.25,
    "mean": 601518.71744,
    "Si": 1.8083795256341537e-06,
    "zi": -1
  },
  "_input": {
    "mean": 0.446804443359375,
    "Si": 3.615358033866619,
    "zi": -1
  }
}