{
  "conv2d": {
    "min": -4.014710903167725,
    "max": 1.6906335353851318,
    "mean": -0.2685683767361111,
    "Si": 33.90153981166696,
    "zi": 9
  },
  "conv2d_1": {
    "min": -12.796784400939941,
    "max": 28.07207679748535,
    "mean": 2.951450554049745,
    "Si": 5.055606447438268,
    "zi": -15
  },
  "conv2d_2": {
    "min": -108.3233871459961,
    "max": 39.05036163330078,
    "mean": -18.801470414201184,
    "Si": 1.418647015573721,
    "zi": 27
  },
  "conv2d_3": {
    "min": -202.51551818847656,
    "max": 866.6697998046875,
    "mean": 171.25344878472222,
    "Si": 0.18262440883613024,
    "zi": -31
  },
  "conv2d_4": {
    "min": -5720.59912109375,
    "max": 2830.0791015625,
    "mean": -706.33176,
    "Si": 0.025327728031697496,
    "zi": 18
  },
  "conv2d_5": {
    "min": -14529.197265625,
    "max": 36473.90625,
    "mean": 3480.338046875,
    "Si": 0.00384923507570094,
    "zi": -13
  },
  "dense": {
    "min": -437244.6875,
    "max": 233281.90625,
    "mean": -54148.36525,
    "Si": 0.0003315093166494109,
    "zi": 18
  },
  "dense_1": {
    "min": 21559.685546875,
    "max": 1660322.0,
    "mean": 604586.4704,
    "Si": 0.00012029527892096055,
    "zi": -73
  },
  "_input": {
    "mean": 0.4462892735799154,
    "Si": 229.36163946307352,
    "zi": -102
  }
}