{
  "conv2d": {
    "min": -4.014710903167725,
    "max": 1.672145128250122,
    "mean": -0.26810171332465277,
    "Si": 1.868356064191792,
    "zi": 1
  },
  "conv2d_1": {
    "min": -12.796784400939941,
    "max": 26.990034103393555,
    "mean": 2.936262187101403,
    "Si": 0.2910146493597848,
    "zi": -1
  },
  "conv2d_2": {
    "min": -108.3233871459961,
    "max": 39.05036163330078,
    "mean": -18.730004160502958,
    "Si": 0.07813077000489459,
    "zi": 1
  },
  "conv2d_3": {
    "min": -206.81858825683594,
    "max": 869.3570556640625,
    "mean": 170.41173177083334,
    "Si": 0.01001508953663065,
    "zi": -2
  },
  "conv2d_4": {
    "min": -5783.80908203125,
    "max": 2845.485595703125,
    "mean": -701.2706375,
    "Si": 0.0013772645453438558,
    "zi": 1
  },
  "conv2d_5": {
    "min": -14582.8779296875,
    "max": 36759.1953125,
    "mean": 3448.228328125,
    "Si": 0.00021014100260984477,
    "zi": -1
  },
  "dense": {
    "min": -443555.8125,
    "max": 244679.9375,
    "mean": -53717.52675,
    "Si": 1.795616350644698e-05,
    "zi": 1
  },
  "dense_1": {
    "min": 21559.685546875,
    "max": 1707481.5,
    "mean": 599763.88096,
    "Si": 6.319300045138334e-06,
    "zi": -4
  },
  "_input": {
    "mean": 0.44245070139567055,
    "Si": 12.554943603233948,
    "zi": -6
  }
}